-- insert into profile
-- values (1, 'user_1', 'user_1@email.com', 'password', '1965-1-29', to_timestamp('10-JAN-2019 09:00:00', 'DD-MON-YYYY HH24:MI:SS'));
-- insert into profile
-- values (2, 'user_2', 'user_2@email.com', 'password', '1984-5-4', to_timestamp('10-JAN-2019 09:00:00', 'DD-MON-YYYY HH24:MI:SS'));
-- insert into profile
-- values (3, 'user_3', 'user_3@email.com', 'password', '1980-11-20', to_timestamp('10-JAN-2019 09:00:00', 'DD-MON-YYYY HH24:MI:SS'));
-- insert into profile
-- values (4, 'user_4', 'user_4@email.com', 'password', '1958-1-22', to_timestamp('10-JAN-2019 09:00:00', 'DD-MON-YYYY HH24:MI:SS'));
-- insert into profile
-- values (5, 'user_5', 'user_5@email.com', 'password', '1986-12-10', to_timestamp('10-JAN-2019 09:00:00', 'DD-MON-YYYY HH24:MI:SS'));
-- insert into profile
-- values (6, 'user_6', 'user_6@email.com', 'password', '1992-3-25', to_timestamp('10-JAN-2019 09:00:00', 'DD-MON-YYYY HH24:MI:SS'));
-- insert into profile
-- values (7, 'user_7', 'user_7@email.com', 'password', '2001-11-28', to_timestamp('10-JAN-2019 09:00:00', 'DD-MON-YYYY HH24:MI:SS'));
-- insert into profile
-- values (8, 'user_8', 'user_8@email.com', 'password', '1976-3-1', to_timestamp('10-JAN-2019 09:00:00', 'DD-MON-YYYY HH24:MI:SS'));
-- insert into profile
-- values (9, 'user_9', 'user_9@email.com', 'password', '1975-1-12', to_timestamp('10-JAN-2019 09:00:00', 'DD-MON-YYYY HH24:MI:SS'));
-- insert into profile
-- values (10, 'user_10', 'user_10@email.com', 'password', '1950-1-21', to_timestamp('10-JAN-2019 09:00:00', 'DD-MON-YYYY HH24:MI:SS'));
-- insert into profile
-- values (11, 'user_11', 'user_11@email.com', 'password', '1979-2-13', to_timestamp('10-JAN-2019 09:00:00', 'DD-MON-YYYY HH24:MI:SS'));
-- insert into profile
-- values (12, 'user_12', 'user_12@email.com', 'password', '2006-7-2', to_timestamp('10-JAN-2019 09:00:00', 'DD-MON-YYYY HH24:MI:SS'));
-- insert into profile
-- values (13, 'user_13', 'user_13@email.com', 'password', '1950-3-1', to_timestamp('10-JAN-2019 09:00:00', 'DD-MON-YYYY HH24:MI:SS'));
-- insert into profile
-- values (14, 'user_14', 'user_14@email.com', 'password', '2007-1-24', to_timestamp('10-JAN-2019 09:00:00', 'DD-MON-YYYY HH24:MI:SS'));
-- insert into profile
-- values (15, 'user_15', 'user_15@email.com', 'password', '2003-3-7', to_timestamp('10-JAN-2019 09:00:00', 'DD-MON-YYYY HH24:MI:SS'));
-- insert into profile
-- values (16, 'user_16', 'user_16@email.com', 'password', '2001-11-1', to_timestamp('10-JAN-2019 09:00:00', 'DD-MON-YYYY HH24:MI:SS'));
-- insert into profile
-- values (17, 'user_17', 'user_17@email.com', 'password', '1965-6-8', to_timestamp('10-JAN-2019 09:00:00', 'DD-MON-YYYY HH24:MI:SS'));
-- insert into profile
-- values (18, 'user_18', 'user_18@email.com', 'password', '1980-8-30', to_timestamp('10-JAN-2019 09:00:00', 'DD-MON-YYYY HH24:MI:SS'));
-- insert into profile
-- values (19, 'user_19', 'user_19@email.com', 'password', '1961-5-9', to_timestamp('10-JAN-2019 09:00:00', 'DD-MON-YYYY HH24:MI:SS'));
-- insert into profile
-- values (20, 'user_20', 'user_20@email.com', 'password', '1970-11-30', to_timestamp('10-JAN-2019 09:00:00', 'DD-MON-YYYY HH24:MI:SS'));
-- insert into profile
-- values (21, 'user_21', 'user_21@email.com', 'password', '1960-10-24', to_timestamp('10-JAN-2019 09:00:00', 'DD-MON-YYYY HH24:MI:SS'));
-- insert into profile
-- values (22, 'user_22', 'user_22@email.com', 'password', '1967-2-7', to_timestamp('10-JAN-2019 09:00:00', 'DD-MON-YYYY HH24:MI:SS'));
-- insert into profile
-- values (23, 'user_23', 'user_23@email.com', 'password', '1966-7-7', to_timestamp('10-JAN-2019 09:00:00', 'DD-MON-YYYY HH24:MI:SS'));
-- insert into profile
-- values (24, 'user_24', 'user_24@email.com', 'password', '2004-10-6', to_timestamp('10-JAN-2019 09:00:00', 'DD-MON-YYYY HH24:MI:SS'));
-- insert into profile
-- values (25, 'user_25', 'user_25@email.com', 'password', '1978-3-26', to_timestamp('10-JAN-2019 09:00:00', 'DD-MON-YYYY HH24:MI:SS'));
-- insert into profile
-- values (26, 'user_26', 'user_26@email.com', 'password', '1961-4-5', to_timestamp('10-JAN-2019 09:00:00', 'DD-MON-YYYY HH24:MI:SS'));
-- insert into profile
-- values (27, 'user_27', 'user_27@email.com', 'password', '1965-8-29', to_timestamp('10-JAN-2019 09:00:00', 'DD-MON-YYYY HH24:MI:SS'));
-- insert into profile
-- values (28, 'user_28', 'user_28@email.com', 'password', '1961-12-19', to_timestamp('10-JAN-2019 09:00:00', 'DD-MON-YYYY HH24:MI:SS'));
-- insert into profile
-- values (29, 'user_29', 'user_29@email.com', 'password', '2003-6-16', to_timestamp('10-JAN-2019 09:00:00', 'DD-MON-YYYY HH24:MI:SS'));
-- insert into profile
-- values (30, 'user_30', 'user_30@email.com', 'password', '1972-7-23', to_timestamp('10-JAN-2019 09:00:00', 'DD-MON-YYYY HH24:MI:SS'));
-- insert into profile
-- values (31, 'user_31', 'user_31@email.com', 'password', '2004-10-3', to_timestamp('10-JAN-2019 09:00:00', 'DD-MON-YYYY HH24:MI:SS'));
-- insert into profile
-- values (32, 'user_32', 'user_32@email.com', 'password', '2008-7-20', to_timestamp('10-JAN-2019 09:00:00', 'DD-MON-YYYY HH24:MI:SS'));
-- insert into profile
-- values (33, 'user_33', 'user_33@email.com', 'password', '1962-3-21', to_timestamp('10-JAN-2019 09:00:00', 'DD-MON-YYYY HH24:MI:SS'));
-- insert into profile
-- values (34, 'user_34', 'user_34@email.com', 'password', '2008-5-8', to_timestamp('10-JAN-2019 09:00:00', 'DD-MON-YYYY HH24:MI:SS'));
-- insert into profile
-- values (35, 'user_35', 'user_35@email.com', 'password', '1963-1-28', to_timestamp('10-JAN-2019 09:00:00', 'DD-MON-YYYY HH24:MI:SS'));
-- insert into profile
-- values (36, 'user_36', 'user_36@email.com', 'password', '1959-6-21', to_timestamp('10-JAN-2019 09:00:00', 'DD-MON-YYYY HH24:MI:SS'));
-- insert into profile
-- values (37, 'user_37', 'user_37@email.com', 'password', '1950-4-25', to_timestamp('10-JAN-2019 09:00:00', 'DD-MON-YYYY HH24:MI:SS'));
-- insert into profile
-- values (38, 'user_38', 'user_38@email.com', 'password', '2004-4-3', to_timestamp('10-JAN-2019 09:00:00', 'DD-MON-YYYY HH24:MI:SS'));
-- insert into profile
-- values (39, 'user_39', 'user_39@email.com', 'password', '1972-4-26', to_timestamp('10-JAN-2019 09:00:00', 'DD-MON-YYYY HH24:MI:SS'));
-- insert into profile
-- values (40, 'user_40', 'user_40@email.com', 'password', '2006-10-23', to_timestamp('10-JAN-2019 09:00:00', 'DD-MON-YYYY HH24:MI:SS'));
-- insert into profile
-- values (41, 'user_41', 'user_41@email.com', 'password', '2008-9-14', to_timestamp('10-JAN-2019 09:00:00', 'DD-MON-YYYY HH24:MI:SS'));
-- insert into profile
-- values (42, 'user_42', 'user_42@email.com', 'password', '1991-5-4', to_timestamp('10-JAN-2019 09:00:00', 'DD-MON-YYYY HH24:MI:SS'));
-- insert into profile
-- values (43, 'user_43', 'user_43@email.com', 'password', '2002-3-27', to_timestamp('10-JAN-2019 09:00:00', 'DD-MON-YYYY HH24:MI:SS'));
-- insert into profile
-- values (44, 'user_44', 'user_44@email.com', 'password', '1981-2-28', to_timestamp('10-JAN-2019 09:00:00', 'DD-MON-YYYY HH24:MI:SS'));
-- insert into profile
-- values (45, 'user_45', 'user_45@email.com', 'password', '1952-10-21', to_timestamp('10-JAN-2019 09:00:00', 'DD-MON-YYYY HH24:MI:SS'));
-- insert into profile
-- values (46, 'user_46', 'user_46@email.com', 'password', '1964-2-8', to_timestamp('10-JAN-2019 09:00:00', 'DD-MON-YYYY HH24:MI:SS'));
-- insert into profile
-- values (47, 'user_47', 'user_47@email.com', 'password', '1968-6-27', to_timestamp('10-JAN-2019 09:00:00', 'DD-MON-YYYY HH24:MI:SS'));
-- insert into profile
-- values (48, 'user_48', 'user_48@email.com', 'password', '2008-10-21', to_timestamp('10-JAN-2019 09:00:00', 'DD-MON-YYYY HH24:MI:SS'));
-- insert into profile
-- values (49, 'user_49', 'user_49@email.com', 'password', '1986-7-7', to_timestamp('10-JAN-2019 09:00:00', 'DD-MON-YYYY HH24:MI:SS'));
-- insert into profile
-- values (50, 'user_50', 'user_50@email.com', 'password', '2001-8-22', to_timestamp('10-JAN-2019 09:00:00', 'DD-MON-YYYY HH24:MI:SS'));
-- insert into profile
-- values (51, 'user_51', 'user_51@email.com', 'password', '1971-12-24', to_timestamp('10-JAN-2019 09:00:00', 'DD-MON-YYYY HH24:MI:SS'));
-- insert into profile
-- values (52, 'user_52', 'user_52@email.com', 'password', '1969-9-25', to_timestamp('10-JAN-2019 09:00:00', 'DD-MON-YYYY HH24:MI:SS'));
-- insert into profile
-- values (53, 'user_53', 'user_53@email.com', 'password', '1952-8-23', to_timestamp('10-JAN-2019 09:00:00', 'DD-MON-YYYY HH24:MI:SS'));
-- insert into profile
-- values (54, 'user_54', 'user_54@email.com', 'password', '1954-6-27', to_timestamp('10-JAN-2019 09:00:00', 'DD-MON-YYYY HH24:MI:SS'));
-- insert into profile
-- values (55, 'user_55', 'user_55@email.com', 'password', '1996-12-10', to_timestamp('10-JAN-2019 09:00:00', 'DD-MON-YYYY HH24:MI:SS'));
-- insert into profile
-- values (56, 'user_56', 'user_56@email.com', 'password', '1996-7-14', to_timestamp('10-JAN-2019 09:00:00', 'DD-MON-YYYY HH24:MI:SS'));
-- insert into profile
-- values (57, 'user_57', 'user_57@email.com', 'password', '1989-10-26', to_timestamp('10-JAN-2019 09:00:00', 'DD-MON-YYYY HH24:MI:SS'));
-- insert into profile
-- values (58, 'user_58', 'user_58@email.com', 'password', '2005-12-14', to_timestamp('10-JAN-2019 09:00:00', 'DD-MON-YYYY HH24:MI:SS'));
-- insert into profile
-- values (59, 'user_59', 'user_59@email.com', 'password', '1976-5-30', to_timestamp('10-JAN-2019 09:00:00', 'DD-MON-YYYY HH24:MI:SS'));
-- insert into profile
-- values (60, 'user_60', 'user_60@email.com', 'password', '1985-9-9', to_timestamp('10-JAN-2019 09:00:00', 'DD-MON-YYYY HH24:MI:SS'));
-- insert into profile
-- values (61, 'user_61', 'user_61@email.com', 'password', '1968-1-7', to_timestamp('10-JAN-2019 09:00:00', 'DD-MON-YYYY HH24:MI:SS'));
-- insert into profile
-- values (62, 'user_62', 'user_62@email.com', 'password', '1999-1-15', to_timestamp('10-JAN-2019 09:00:00', 'DD-MON-YYYY HH24:MI:SS'));
-- insert into profile
-- values (63, 'user_63', 'user_63@email.com', 'password', '1950-12-21', to_timestamp('10-JAN-2019 09:00:00', 'DD-MON-YYYY HH24:MI:SS'));
-- insert into profile
-- values (64, 'user_64', 'user_64@email.com', 'password', '1969-11-25', to_timestamp('10-JAN-2019 09:00:00', 'DD-MON-YYYY HH24:MI:SS'));
-- insert into profile
-- values (65, 'user_65', 'user_65@email.com', 'password', '2009-4-15', to_timestamp('10-JAN-2019 09:00:00', 'DD-MON-YYYY HH24:MI:SS'));
-- insert into profile
-- values (66, 'user_66', 'user_66@email.com', 'password', '1968-3-1', to_timestamp('10-JAN-2019 09:00:00', 'DD-MON-YYYY HH24:MI:SS'));
-- insert into profile
-- values (67, 'user_67', 'user_67@email.com', 'password', '1973-11-19', to_timestamp('10-JAN-2019 09:00:00', 'DD-MON-YYYY HH24:MI:SS'));
-- insert into profile
-- values (68, 'user_68', 'user_68@email.com', 'password', '1953-5-24', to_timestamp('10-JAN-2019 09:00:00', 'DD-MON-YYYY HH24:MI:SS'));
-- insert into profile
-- values (69, 'user_69', 'user_69@email.com', 'password', '1969-5-9', to_timestamp('10-JAN-2019 09:00:00', 'DD-MON-YYYY HH24:MI:SS'));
-- insert into profile
-- values (70, 'user_70', 'user_70@email.com', 'password', '1951-4-27', to_timestamp('10-JAN-2019 09:00:00', 'DD-MON-YYYY HH24:MI:SS'));
-- insert into profile
-- values (71, 'user_71', 'user_71@email.com', 'password', '1960-11-27', to_timestamp('10-JAN-2019 09:00:00', 'DD-MON-YYYY HH24:MI:SS'));
-- insert into profile
-- values (72, 'user_72', 'user_72@email.com', 'password', '1960-5-8', to_timestamp('10-JAN-2019 09:00:00', 'DD-MON-YYYY HH24:MI:SS'));
-- insert into profile
-- values (73, 'user_73', 'user_73@email.com', 'password', '1996-2-6', to_timestamp('10-JAN-2019 09:00:00', 'DD-MON-YYYY HH24:MI:SS'));
-- insert into profile
-- values (74, 'user_74', 'user_74@email.com', 'password', '2004-5-30', to_timestamp('10-JAN-2019 09:00:00', 'DD-MON-YYYY HH24:MI:SS'));
-- insert into profile
-- values (75, 'user_75', 'user_75@email.com', 'password', '1954-7-3', to_timestamp('10-JAN-2019 09:00:00', 'DD-MON-YYYY HH24:MI:SS'));
-- insert into profile
-- values (76, 'user_76', 'user_76@email.com', 'password', '1992-12-10', to_timestamp('10-JAN-2019 09:00:00', 'DD-MON-YYYY HH24:MI:SS'));
-- insert into profile
-- values (77, 'user_77', 'user_77@email.com', 'password', '1988-3-7', to_timestamp('10-JAN-2019 09:00:00', 'DD-MON-YYYY HH24:MI:SS'));
-- insert into profile
-- values (78, 'user_78', 'user_78@email.com', 'password', '1976-11-12', to_timestamp('10-JAN-2019 09:00:00', 'DD-MON-YYYY HH24:MI:SS'));
-- insert into profile
-- values (79, 'user_79', 'user_79@email.com', 'password', '1976-3-29', to_timestamp('10-JAN-2019 09:00:00', 'DD-MON-YYYY HH24:MI:SS'));
-- insert into profile
-- values (80, 'user_80', 'user_80@email.com', 'password', '1956-7-26', to_timestamp('10-JAN-2019 09:00:00', 'DD-MON-YYYY HH24:MI:SS'));
-- insert into profile
-- values (81, 'user_81', 'user_81@email.com', 'password', '1992-4-2', to_timestamp('10-JAN-2019 09:00:00', 'DD-MON-YYYY HH24:MI:SS'));
-- insert into profile
-- values (82, 'user_82', 'user_82@email.com', 'password', '1971-10-11', to_timestamp('10-JAN-2019 09:00:00', 'DD-MON-YYYY HH24:MI:SS'));
-- insert into profile
-- values (83, 'user_83', 'user_83@email.com', 'password', '1997-7-10', to_timestamp('10-JAN-2019 09:00:00', 'DD-MON-YYYY HH24:MI:SS'));
-- insert into profile
-- values (84, 'user_84', 'user_84@email.com', 'password', '1958-4-20', to_timestamp('10-JAN-2019 09:00:00', 'DD-MON-YYYY HH24:MI:SS'));
-- insert into profile
-- values (85, 'user_85', 'user_85@email.com', 'password', '1998-7-17', to_timestamp('10-JAN-2019 09:00:00', 'DD-MON-YYYY HH24:MI:SS'));
-- insert into profile
-- values (86, 'user_86', 'user_86@email.com', 'password', '1963-3-3', to_timestamp('10-JAN-2019 09:00:00', 'DD-MON-YYYY HH24:MI:SS'));
-- insert into profile
-- values (87, 'user_87', 'user_87@email.com', 'password', '1951-12-27', to_timestamp('10-JAN-2019 09:00:00', 'DD-MON-YYYY HH24:MI:SS'));
-- insert into profile
-- values (88, 'user_88', 'user_88@email.com', 'password', '1975-8-31', to_timestamp('10-JAN-2019 09:00:00', 'DD-MON-YYYY HH24:MI:SS'));
-- insert into profile
-- values (89, 'user_89', 'user_89@email.com', 'password', '1985-9-28', to_timestamp('10-JAN-2019 09:00:00', 'DD-MON-YYYY HH24:MI:SS'));
-- insert into profile
-- values (90, 'user_90', 'user_90@email.com', 'password', '1992-2-21', to_timestamp('10-JAN-2019 09:00:00', 'DD-MON-YYYY HH24:MI:SS'));
-- insert into profile
-- values (91, 'user_91', 'user_91@email.com', 'password', '1962-3-31', to_timestamp('10-JAN-2019 09:00:00', 'DD-MON-YYYY HH24:MI:SS'));
-- insert into profile
-- values (92, 'user_92', 'user_92@email.com', 'password', '1980-3-9', to_timestamp('10-JAN-2019 09:00:00', 'DD-MON-YYYY HH24:MI:SS'));
-- insert into profile
-- values (93, 'user_93', 'user_93@email.com', 'password', '1974-7-7', to_timestamp('10-JAN-2019 09:00:00', 'DD-MON-YYYY HH24:MI:SS'));
-- insert into profile
-- values (94, 'user_94', 'user_94@email.com', 'password', '1989-1-5', to_timestamp('10-JAN-2019 09:00:00', 'DD-MON-YYYY HH24:MI:SS'));
-- insert into profile
-- values (95, 'user_95', 'user_95@email.com', 'password', '1993-9-21', to_timestamp('10-JAN-2019 09:00:00', 'DD-MON-YYYY HH24:MI:SS'));
-- insert into profile
-- values (96, 'user_96', 'user_96@email.com', 'password', '1984-5-27', to_timestamp('10-JAN-2019 09:00:00', 'DD-MON-YYYY HH24:MI:SS'));
-- insert into profile
-- values (97, 'user_97', 'user_97@email.com', 'password', '1956-1-11', to_timestamp('10-JAN-2019 09:00:00', 'DD-MON-YYYY HH24:MI:SS'));
-- insert into profile
-- values (98, 'user_98', 'user_98@email.com', 'password', '2007-8-30', to_timestamp('10-JAN-2019 09:00:00', 'DD-MON-YYYY HH24:MI:SS'));
-- insert into profile
-- values (99, 'user_99', 'user_99@email.com', 'password', '2005-11-7', to_timestamp('10-JAN-2019 09:00:00', 'DD-MON-YYYY HH24:MI:SS'));
-- insert into profile
-- values (100, 'user_100', 'user_100@email.com', 'password', '1969-3-29', to_timestamp('10-JAN-2019 09:00:00', 'DD-MON-YYYY HH24:MI:SS'));
--
--
--
--
-- insert into friend
-- values (1, 2, '2019-01-01', '1 to 2');
-- insert into friend
-- values (2, 3, '2019-01-01', '2 to 3');
-- insert into friend
-- values (3, 4, '2019-01-01', '3 to 4');
-- insert into friend
-- values (4, 5, '2019-01-01', '4 to 5');
-- insert into friend
-- values (5, 6, '2019-01-01', '5 to 6');
-- insert into friend
-- values (6, 7, '2019-01-01', '6 to 7');
-- insert into friend
-- values (7, 8, '2019-01-01', '7 to 8');
-- insert into friend
-- values (8, 9, '2019-01-01', '8 to 9');
-- insert into friend
-- values (9, 10, '2019-01-01', '9 to 10');
-- insert into friend
-- values (10, 11, '2019-01-01', '10 to 11');
-- insert into friend
-- values (11, 12, '2019-01-01', '11 to 12');
-- insert into friend
-- values (12, 13, '2019-01-01', '12 to 13');
-- insert into friend
-- values (13, 14, '2019-01-01', '13 to 14');
-- insert into friend
-- values (14, 15, '2019-01-01', '14 to 15');
-- insert into friend
-- values (15, 16, '2019-01-01', '15 to 16');
-- insert into friend
-- values (16, 17, '2019-01-01', '16 to 17');
-- insert into friend
-- values (17, 18, '2019-01-01', '17 to 18');
-- insert into friend
-- values (18, 19, '2019-01-01', '18 to 19');
-- insert into friend
-- values (19, 20, '2019-01-01', '19 to 20');
-- insert into friend
-- values (20, 21, '2019-01-01', '20 to 21');
-- insert into friend
-- values (21, 22, '2019-01-01', '21 to 22');
-- insert into friend
-- values (22, 23, '2019-01-01', '22 to 23');
-- insert into friend
-- values (23, 24, '2019-01-01', '23 to 24');
-- insert into friend
-- values (24, 25, '2019-01-01', '24 to 25');
-- insert into friend
-- values (25, 26, '2019-01-01', '25 to 26');
-- insert into friend
-- values (26, 27, '2019-01-01', '26 to 27');
-- insert into friend
-- values (27, 28, '2019-01-01', '27 to 28');
-- insert into friend
-- values (28, 29, '2019-01-01', '28 to 29');
-- insert into friend
-- values (29, 30, '2019-01-01', '29 to 30');
-- insert into friend
-- values (30, 31, '2019-01-01', '30 to 31');
-- insert into friend
-- values (31, 32, '2019-01-01', '31 to 32');
-- insert into friend
-- values (32, 33, '2019-01-01', '32 to 33');
-- insert into friend
-- values (33, 34, '2019-01-01', '33 to 34');
-- insert into friend
-- values (34, 35, '2019-01-01', '34 to 35');
-- insert into friend
-- values (35, 36, '2019-01-01', '35 to 36');
-- insert into friend
-- values (36, 37, '2019-01-01', '36 to 37');
-- insert into friend
-- values (37, 38, '2019-01-01', '37 to 38');
-- insert into friend
-- values (38, 39, '2019-01-01', '38 to 39');
-- insert into friend
-- values (39, 40, '2019-01-01', '39 to 40');
-- insert into friend
-- values (40, 41, '2019-01-01', '40 to 41');
-- insert into friend
-- values (41, 42, '2019-01-01', '41 to 42');
-- insert into friend
-- values (42, 43, '2019-01-01', '42 to 43');
-- insert into friend
-- values (43, 44, '2019-01-01', '43 to 44');
-- insert into friend
-- values (44, 45, '2019-01-01', '44 to 45');
-- insert into friend
-- values (45, 46, '2019-01-01', '45 to 46');
-- insert into friend
-- values (46, 47, '2019-01-01', '46 to 47');
-- insert into friend
-- values (47, 48, '2019-01-01', '47 to 48');
-- insert into friend
-- values (48, 49, '2019-01-01', '48 to 49');
-- insert into friend
-- values (49, 50, '2019-01-01', '49 to 50');
-- insert into friend
-- values (50, 51, '2019-01-01', '50 to 51');
-- insert into friend
-- values (51, 52, '2019-01-01', '51 to 52');
-- insert into friend
-- values (52, 53, '2019-01-01', '52 to 53');
-- insert into friend
-- values (53, 54, '2019-01-01', '53 to 54');
-- insert into friend
-- values (54, 55, '2019-01-01', '54 to 55');
-- insert into friend
-- values (55, 56, '2019-01-01', '55 to 56');
-- insert into friend
-- values (56, 57, '2019-01-01', '56 to 57');
-- insert into friend
-- values (57, 58, '2019-01-01', '57 to 58');
-- insert into friend
-- values (58, 59, '2019-01-01', '58 to 59');
-- insert into friend
-- values (59, 60, '2019-01-01', '59 to 60');
-- insert into friend
-- values (60, 61, '2019-01-01', '60 to 61');
-- insert into friend
-- values (61, 62, '2019-01-01', '61 to 62');
-- insert into friend
-- values (62, 63, '2019-01-01', '62 to 63');
-- insert into friend
-- values (63, 64, '2019-01-01', '63 to 64');
-- insert into friend
-- values (64, 65, '2019-01-01', '64 to 65');
-- insert into friend
-- values (65, 66, '2019-01-01', '65 to 66');
-- insert into friend
-- values (66, 67, '2019-01-01', '66 to 67');
-- insert into friend
-- values (67, 68, '2019-01-01', '67 to 68');
-- insert into friend
-- values (68, 69, '2019-01-01', '68 to 69');
-- insert into friend
-- values (69, 70, '2019-01-01', '69 to 70');
-- insert into friend
-- values (70, 71, '2019-01-01', '70 to 71');
-- insert into friend
-- values (71, 72, '2019-01-01', '71 to 72');
-- insert into friend
-- values (72, 73, '2019-01-01', '72 to 73');
-- insert into friend
-- values (73, 74, '2019-01-01', '73 to 74');
-- insert into friend
-- values (74, 75, '2019-01-01', '74 to 75');
-- insert into friend
-- values (75, 76, '2019-01-01', '75 to 76');
-- insert into friend
-- values (76, 77, '2019-01-01', '76 to 77');
-- insert into friend
-- values (77, 78, '2019-01-01', '77 to 78');
-- insert into friend
-- values (78, 79, '2019-01-01', '78 to 79');
-- insert into friend
-- values (79, 80, '2019-01-01', '79 to 80');
-- insert into friend
-- values (80, 81, '2019-01-01', '80 to 81');
-- insert into friend
-- values (81, 82, '2019-01-01', '81 to 82');
-- insert into friend
-- values (82, 83, '2019-01-01', '82 to 83');
-- insert into friend
-- values (83, 84, '2019-01-01', '83 to 84');
-- insert into friend
-- values (84, 85, '2019-01-01', '84 to 85');
-- insert into friend
-- values (85, 86, '2019-01-01', '85 to 86');
-- insert into friend
-- values (86, 87, '2019-01-01', '86 to 87');
-- insert into friend
-- values (87, 88, '2019-01-01', '87 to 88');
-- insert into friend
-- values (88, 89, '2019-01-01', '88 to 89');
-- insert into friend
-- values (89, 90, '2019-01-01', '89 to 90');
-- insert into friend
-- values (90, 91, '2019-01-01', '90 to 91');
-- insert into friend
-- values (91, 92, '2019-01-01', '91 to 92');
-- insert into friend
-- values (92, 93, '2019-01-01', '92 to 93');
-- insert into friend
-- values (93, 94, '2019-01-01', '93 to 94');
-- insert into friend
-- values (94, 95, '2019-01-01', '94 to 95');
-- insert into friend
-- values (95, 96, '2019-01-01', '95 to 96');
-- insert into friend
-- values (96, 97, '2019-01-01', '96 to 97');
-- insert into friend
-- values (97, 98, '2019-01-01', '97 to 98');
-- insert into friend
-- values (98, 99, '2019-01-01', '98 to 99');
-- insert into friend
-- values (99, 100, '2019-01-01', '99 to 100');
-- insert into friend
-- values (100, 1, '2019-01-01', '100 to 1');
--
-- insert into messageinfo
-- values (1, 1, 'x', 2, null, to_timestamp('10-NOV-2019 09:00:00', 'DD-MON-YYYY HH24:MI:SS') );
-- insert into messageinfo
-- values (2, 1, 'x', 3, null, to_timestamp('10-NOV-2019 09:00:00', 'DD-MON-YYYY HH24:MI:SS') );
-- insert into messageinfo
-- values (3, 1, 'x', 4, null, to_timestamp('10-NOV-2019 09:00:00', 'DD-MON-YYYY HH24:MI:SS') );
-- insert into messageinfo
-- values (4, 1, 'x', 5, null, to_timestamp('10-NOV-2019 09:00:00', 'DD-MON-YYYY HH24:MI:SS') );
-- insert into messageinfo
-- values (5, 6, 'x', 1, null, to_timestamp('10-NOV-2019 09:00:00', 'DD-MON-YYYY HH24:MI:SS') );
-- insert into messageinfo
-- values (6, 7, 'x', 1, null, to_timestamp('10-NOV-2019 09:00:00', 'DD-MON-YYYY HH24:MI:SS') );
-- insert into messageinfo
-- values (7, 8, 'x', 1, null, to_timestamp('10-NOV-2019 09:00:00', 'DD-MON-YYYY HH24:MI:SS') );
-- insert into messageinfo
-- values (8, 9, 'x', 1, null, to_timestamp('10-NOV-2019 09:00:00', 'DD-MON-YYYY HH24:MI:SS') );
-- insert into messageinfo
-- values (9, 10, 'x', 1, null, to_timestamp('10-NOV-2019 09:00:00', 'DD-MON-YYYY HH24:MI:SS') );
-- insert into messageinfo
-- values (10, 2, 'x', 1, null, to_timestamp('10-NOV-2019 09:00:00', 'DD-MON-YYYY HH24:MI:SS') );
-- insert into messageinfo
-- values (11, 2, 'x', 1, null, to_timestamp('10-JAN-2018 09:00:00', 'DD-MON-YYYY HH24:MI:SS') );
-- insert into messageinfo
-- values (12, 2, 'x', 1, null, to_timestamp('10-JAN-2017 09:00:00', 'DD-MON-YYYY HH24:MI:SS') );
--
-- insert into groupinfo
-- values(1,'Test Group 1',30,'bala');
--
-- insert into groupinfo
-- values(2,'Test Group 2',30,'bala');
--
-- -- test for trigger of add msg_rec
-- insert into groupmember
-- values(1,1,'role1');
--
-- insert into groupmember
-- values(1,2,'role2');
--
-- insert into groupmember
-- values(1,3,'role1');
--
-- insert into groupmember
-- values(1,4,'role1');
--
-- insert into groupmember
-- values(1,5,'role1');
--
-- insert into groupmember
-- values(2,3,'role1');
--
-- insert into groupmember
-- values(2,4,'role1');
--
-- insert into groupmember
-- values(2,5,'role1');
--
--
--

insert into profile (userID, name, email, password, date_of_birth, lastlogin) values (1, 'Shenoda', 'shg@pitt.edu', 'shpwd', '1997-10-13', '2019-10-09 15:00:00');
insert into profile (userID, name, email, password, date_of_birth, lastlogin) values (2, 'Lory', 'lra@pitt.edu', 'lpwd', '1996-03-08', '2019-10-09 16:00:00');
insert into profile (userID, name, email, password, date_of_birth, lastlogin) values (3, 'Peter', 'pdj@pitt.edu', 'ppwd', '1994-01-09', '2019-10-10 15:00:00');
insert into profile (userID, name, email, password, date_of_birth, lastlogin) values (4, 'Alexandrie', 'alx@pitt.edu', 'apwd', '1995-08-21', '2019-10-10 16:00:00');
insert into profile (userID, name, email, password, date_of_birth, lastlogin) values (5, 'Panickos', 'pnk@pitt.edu', 'kpwd', '1997-09-08', '2019-10-11 15:00:00');
insert into profile (userID, name, email, password, date_of_birth, lastlogin) values (6, 'Socratis', 'soc@pitt.edu', 'spwd', '1991-05-17', '2019-10-11 16:00:00');
insert into profile (userID, name, email, password, date_of_birth, lastlogin) values (7, 'Yaw', 'yaw@pitt.edu', 'ypwd', '1997-02-27', '2019-10-12 15:00:00');

insert into friend (userID1, userID2, JDate, message) values (1,2, '2019-01-06', 'Hey, it is me  Shenoda!' );
insert into friend (userID1, userID2, JDate, message) values (1,5, '2019-01-15', 'Hey, it is me  Shenoda!');
insert into friend (userID1, userID2, JDate, message) values (2,3, '2019-08-23', 'Hey, it is me  Lory!');
insert into friend (userID1, userID2, JDate, message) values (2,4, '2019-02-17', 'Hey, it is me  Lory!');
insert into friend (userID1, userID2, JDate, message) values (3,4, '2019-09-16', 'Hey, it is me  Peter!');
insert into friend (userID1, userID2, JDate, message) values (4,6, '2019-10-06', 'Hey, it is me  Alexandrie!');
insert into friend (userID1, userID2, JDate, message) values (6,7, '2019-09-13', 'Hey, it is me  Socratis!');

insert into pendingFriend (fromID, toID, message) values (7,4, 'Hey, it is me Yaw');
insert into pendingFriend (fromID, toID, message) values (5,2, 'Hey, it is me Panickos');
insert into pendingFriend (fromID, toID, message) values (2,6, 'Hey, it is me Lory');

insert into groupInfo (gID, name, size, description) values (1, 'Grads at CS', 100, 'list of all graduate students');
insert into groupInfo (gID, name, size, description) values (2, 'DB Group', 10, 'members of the ADMT Lab');

insert into groupMember (gID, userID, role) values (1,1, 'manager');
insert into groupMember (gID, userID, role) values (1,2, 'member');
insert into groupMember (gID, userID, role) values (1,3, 'member');
insert into groupMember (gID, userID, role) values (1,4, 'member');
insert into groupMember (gID, userID, role) values (1,5, 'member');
insert into groupMember (gID, userID, role) values (1,6, 'member');
insert into groupMember (gID, userID, role) values (1,7, 'member');
insert into groupMember (gID, userID, role) values (2,1, 'manager');
insert into groupMember (gID, userID, role) values (2,2, 'member');
insert into groupMember (gID, userID, role) values (2,5, 'member');

insert into messageInfo (msgID, fromID, message, ToUserID, ToGroupID, timeSent) values (1,1, 'Are we meeting tomorrow for the project?', 2, NULL, '2019-12-01 15:00:00');
insert into messageInfo (msgID, fromID, message, ToUserID, ToGroupID, timeSent) values (2,1, 'Peters pub tomorrow?', 5, NULL, '2019-11-01 16:00:00');
insert into messageInfo (msgID, fromID, message, ToUserID, ToGroupID, timeSent) values (3,2, 'Please join our DB Group forum tomorrow', NULL, 1, '2019-10-10 15:00:00');
insert into messageInfo (msgID, fromID, message, ToUserID, ToGroupID, timeSent) values (4,5, 'Here is the paper I will present tomorrow', NULL, 2, '2019-10-10 16:00:00');

insert into messageRecipient (msgID, userID) values (1,2);
insert into messageRecipient (msgID, userID) values (2,5);
insert into messageRecipient (msgID, userID) values (3,1);
insert into messageRecipient (msgID, userID) values (3,2);
insert into messageRecipient (msgID, userID) values (3,3);
insert into messageRecipient (msgID, userID) values (3,4);
insert into messageRecipient (msgID, userID) values (3,5);
insert into messageRecipient (msgID, userID) values (3,6);
insert into messageRecipient (msgID, userID) values (3,7);
insert into messageRecipient (msgID, userID) values (4,1);
insert into messageRecipient (msgID, userID) values (4,2);
insert into messageRecipient (msgID, userID) values (4,5);

select * from messageInfo where fromid is NULL and touserid is NULL and togroupid is NULL